id,kode_provinsi,nama_provinsi,kode_kabupaten_kota,nama_kabupaten_kota,jumlah_tanah_longsor,satuan,tahun
1,32,JAWA BARAT,3201,KABUPATEN BOGOR,0,KEJADIAN,2012
2,32,JAWA BARAT,3202,KABUPATEN SUKABUMI,48,KEJADIAN,2012
3,32,JAWA BARAT,3203,KABUPATEN CIANJUR,9,KEJADIAN,2012
4,32,JAWA BARAT,3204,KABUPATEN BANDUNG,12,KEJADIAN,2012
5,32,JAWA BARAT,3205,KABUPATEN GARUT,36,KEJADIAN,2012
6,32,JAWA BARAT,3206,KABUPATEN TASIKMALAYA,2,KEJADIAN,2012
7,32,JAWA BARAT,3207,KABUPATEN CIAMIS,2,KEJADIAN,2012
8,32,JAWA BARAT,3208,KABUPATEN KUNINGAN,17,KEJADIAN,2012
9,32,JAWA BARAT,3209,KABUPATEN CIREBON,0,KEJADIAN,2012
10,32,JAWA BARAT,3210,KABUPATEN MAJALENGKA,0,KEJADIAN,2012
11,32,JAWA BARAT,3211,KABUPATEN SUMEDANG,0,KEJADIAN,2012
12,32,JAWA BARAT,3212,KABUPATEN INDRAMAYU,0,KEJADIAN,2012
13,32,JAWA BARAT,3213,KABUPATEN SUBANG,0,KEJADIAN,2012
14,32,JAWA BARAT,3214,KABUPATEN PURWAKARTA,0,KEJADIAN,2012
15,32,JAWA BARAT,3215,KABUPATEN KARAWANG,0,KEJADIAN,2012
16,32,JAWA BARAT,3216,KABUPATEN BEKASI,0,KEJADIAN,2012
17,32,JAWA BARAT,3217,KABUPATEN BANDUNG BARAT,7,KEJADIAN,2012
18,32,JAWA BARAT,3218,KABUPATEN PANGANDARAN,0,KEJADIAN,2012
19,32,JAWA BARAT,3271,KOTA BOGOR,15,KEJADIAN,2012
20,32,JAWA BARAT,3272,KOTA SUKABUMI,27,KEJADIAN,2012
21,32,JAWA BARAT,3273,KOTA BANDUNG,4,KEJADIAN,2012
22,32,JAWA BARAT,3274,KOTA CIREBON,0,KEJADIAN,2012
23,32,JAWA BARAT,3275,KOTA BEKASI,0,KEJADIAN,2012
24,32,JAWA BARAT,3276,KOTA DEPOK,0,KEJADIAN,2012
25,32,JAWA BARAT,3277,KOTA CIMAHI,0,KEJADIAN,2012
26,32,JAWA BARAT,3278,KOTA TASIKMALAYA,0,KEJADIAN,2012
27,32,JAWA BARAT,3279,KOTA BANJAR,8,KEJADIAN,2012
28,32,JAWA BARAT,3201,KABUPATEN BOGOR,48,KEJADIAN,2013
29,32,JAWA BARAT,3202,KABUPATEN SUKABUMI,34,KEJADIAN,2013
30,32,JAWA BARAT,3203,KABUPATEN CIANJUR,17,KEJADIAN,2013
31,32,JAWA BARAT,3204,KABUPATEN BANDUNG,11,KEJADIAN,2013
32,32,JAWA BARAT,3205,KABUPATEN GARUT,64,KEJADIAN,2013
33,32,JAWA BARAT,3206,KABUPATEN TASIKMALAYA,61,KEJADIAN,2013
34,32,JAWA BARAT,3207,KABUPATEN CIAMIS,37,KEJADIAN,2013
35,32,JAWA BARAT,3208,KABUPATEN KUNINGAN,119,KEJADIAN,2013
36,32,JAWA BARAT,3209,KABUPATEN CIREBON,2,KEJADIAN,2013
37,32,JAWA BARAT,3210,KABUPATEN MAJALENGKA,12,KEJADIAN,2013
38,32,JAWA BARAT,3211,KABUPATEN SUMEDANG,7,KEJADIAN,2013
39,32,JAWA BARAT,3212,KABUPATEN INDRAMAYU,0,KEJADIAN,2013
40,32,JAWA BARAT,3213,KABUPATEN SUBANG,0,KEJADIAN,2013
41,32,JAWA BARAT,3214,KABUPATEN PURWAKARTA,2,KEJADIAN,2013
42,32,JAWA BARAT,3215,KABUPATEN KARAWANG,1,KEJADIAN,2013
43,32,JAWA BARAT,3216,KABUPATEN BEKASI,1,KEJADIAN,2013
44,32,JAWA BARAT,3217,KABUPATEN BANDUNG BARAT,35,KEJADIAN,2013
45,32,JAWA BARAT,3218,KABUPATEN PANGANDARAN,0,KEJADIAN,2013
46,32,JAWA BARAT,3271,KOTA BOGOR,3,KEJADIAN,2013
47,32,JAWA BARAT,3272,KOTA SUKABUMI,11,KEJADIAN,2013
48,32,JAWA BARAT,3273,KOTA BANDUNG,0,KEJADIAN,2013
49,32,JAWA BARAT,3274,KOTA CIREBON,0,KEJADIAN,2013
50,32,JAWA BARAT,3275,KOTA BEKASI,0,KEJADIAN,2013
51,32,JAWA BARAT,3276,KOTA DEPOK,1,KEJADIAN,2013
52,32,JAWA BARAT,3277,KOTA CIMAHI,7,KEJADIAN,2013
53,32,JAWA BARAT,3278,KOTA TASIKMALAYA,3,KEJADIAN,2013
54,32,JAWA BARAT,3279,KOTA BANJAR,1,KEJADIAN,2013
55,32,JAWA BARAT,3201,KABUPATEN BOGOR,19,KEJADIAN,2014
56,32,JAWA BARAT,3202,KABUPATEN SUKABUMI,25,KEJADIAN,2014
57,32,JAWA BARAT,3203,KABUPATEN CIANJUR,14,KEJADIAN,2014
58,32,JAWA BARAT,3204,KABUPATEN BANDUNG,15,KEJADIAN,2014
59,32,JAWA BARAT,3205,KABUPATEN GARUT,27,KEJADIAN,2014
60,32,JAWA BARAT,3206,KABUPATEN TASIKMALAYA,32,KEJADIAN,2014
61,32,JAWA BARAT,3207,KABUPATEN CIAMIS,44,KEJADIAN,2014
62,32,JAWA BARAT,3208,KABUPATEN KUNINGAN,46,KEJADIAN,2014
63,32,JAWA BARAT,3209,KABUPATEN CIREBON,2,KEJADIAN,2014
64,32,JAWA BARAT,3210,KABUPATEN MAJALENGKA,8,KEJADIAN,2014
65,32,JAWA BARAT,3211,KABUPATEN SUMEDANG,1,KEJADIAN,2014
66,32,JAWA BARAT,3212,KABUPATEN INDRAMAYU,0,KEJADIAN,2014
67,32,JAWA BARAT,3213,KABUPATEN SUBANG,2,KEJADIAN,2014
68,32,JAWA BARAT,3214,KABUPATEN PURWAKARTA,1,KEJADIAN,2014
69,32,JAWA BARAT,3215,KABUPATEN KARAWANG,1,KEJADIAN,2014
70,32,JAWA BARAT,3216,KABUPATEN BEKASI,0,KEJADIAN,2014
71,32,JAWA BARAT,3217,KABUPATEN BANDUNG BARAT,11,KEJADIAN,2014
72,32,JAWA BARAT,3218,KABUPATEN PANGANDARAN,0,KEJADIAN,2014
73,32,JAWA BARAT,3271,KOTA BOGOR,3,KEJADIAN,2014
74,32,JAWA BARAT,3272,KOTA SUKABUMI,4,KEJADIAN,2014
75,32,JAWA BARAT,3273,KOTA BANDUNG,2,KEJADIAN,2014
76,32,JAWA BARAT,3274,KOTA CIREBON,1,KEJADIAN,2014
77,32,JAWA BARAT,3275,KOTA BEKASI,0,KEJADIAN,2014
78,32,JAWA BARAT,3276,KOTA DEPOK,1,KEJADIAN,2014
79,32,JAWA BARAT,3277,KOTA CIMAHI,0,KEJADIAN,2014
80,32,JAWA BARAT,3278,KOTA TASIKMALAYA,0,KEJADIAN,2014
81,32,JAWA BARAT,3279,KOTA BANJAR,5,KEJADIAN,2014
82,32,JAWA BARAT,3201,KABUPATEN BOGOR,16,KEJADIAN,2015
83,32,JAWA BARAT,3202,KABUPATEN SUKABUMI,42,KEJADIAN,2015
84,32,JAWA BARAT,3203,KABUPATEN CIANJUR,9,KEJADIAN,2015
85,32,JAWA BARAT,3204,KABUPATEN BANDUNG,19,KEJADIAN,2015
86,32,JAWA BARAT,3205,KABUPATEN GARUT,15,KEJADIAN,2015
87,32,JAWA BARAT,3206,KABUPATEN TASIKMALAYA,4,KEJADIAN,2015
88,32,JAWA BARAT,3207,KABUPATEN CIAMIS,6,KEJADIAN,2015
89,32,JAWA BARAT,3208,KABUPATEN KUNINGAN,21,KEJADIAN,2015
90,32,JAWA BARAT,3209,KABUPATEN CIREBON,1,KEJADIAN,2015
91,32,JAWA BARAT,3210,KABUPATEN MAJALENGKA,12,KEJADIAN,2015
92,32,JAWA BARAT,3211,KABUPATEN SUMEDANG,8,KEJADIAN,2015
93,32,JAWA BARAT,3212,KABUPATEN INDRAMAYU,0,KEJADIAN,2015
94,32,JAWA BARAT,3213,KABUPATEN SUBANG,1,KEJADIAN,2015
95,32,JAWA BARAT,3214,KABUPATEN PURWAKARTA,3,KEJADIAN,2015
96,32,JAWA BARAT,3215,KABUPATEN KARAWANG,0,KEJADIAN,2015
97,32,JAWA BARAT,3216,KABUPATEN BEKASI,0,KEJADIAN,2015
98,32,JAWA BARAT,3217,KABUPATEN BANDUNG BARAT,7,KEJADIAN,2015
99,32,JAWA BARAT,3218,KABUPATEN PANGANDARAN,6,KEJADIAN,2015
100,32,JAWA BARAT,3271,KOTA BOGOR,1,KEJADIAN,2015
101,32,JAWA BARAT,3272,KOTA SUKABUMI,0,KEJADIAN,2015
102,32,JAWA BARAT,3273,KOTA BANDUNG,2,KEJADIAN,2015
103,32,JAWA BARAT,3274,KOTA CIREBON,0,KEJADIAN,2015
104,32,JAWA BARAT,3275,KOTA BEKASI,0,KEJADIAN,2015
105,32,JAWA BARAT,3276,KOTA DEPOK,0,KEJADIAN,2015
106,32,JAWA BARAT,3277,KOTA CIMAHI,0,KEJADIAN,2015
107,32,JAWA BARAT,3278,KOTA TASIKMALAYA,2,KEJADIAN,2015
108,32,JAWA BARAT,3279,KOTA BANJAR,3,KEJADIAN,2015
109,32,JAWA BARAT,3201,KABUPATEN BOGOR,47,KEJADIAN,2016
110,32,JAWA BARAT,3202,KABUPATEN SUKABUMI,53,KEJADIAN,2016
111,32,JAWA BARAT,3203,KABUPATEN CIANJUR,12,KEJADIAN,2016
112,32,JAWA BARAT,3204,KABUPATEN BANDUNG,31,KEJADIAN,2016
113,32,JAWA BARAT,3205,KABUPATEN GARUT,21,KEJADIAN,2016
114,32,JAWA BARAT,3206,KABUPATEN TASIKMALAYA,61,KEJADIAN,2016
115,32,JAWA BARAT,3207,KABUPATEN CIAMIS,24,KEJADIAN,2016
116,32,JAWA BARAT,3208,KABUPATEN KUNINGAN,73,KEJADIAN,2016
117,32,JAWA BARAT,3209,KABUPATEN CIREBON,0,KEJADIAN,2016
118,32,JAWA BARAT,3210,KABUPATEN MAJALENGKA,25,KEJADIAN,2016
119,32,JAWA BARAT,3211,KABUPATEN SUMEDANG,28,KEJADIAN,2016
120,32,JAWA BARAT,3212,KABUPATEN INDRAMAYU,0,KEJADIAN,2016
121,32,JAWA BARAT,3213,KABUPATEN SUBANG,0,KEJADIAN,2016
122,32,JAWA BARAT,3214,KABUPATEN PURWAKARTA,1,KEJADIAN,2016
123,32,JAWA BARAT,3215,KABUPATEN KARAWANG,1,KEJADIAN,2016
124,32,JAWA BARAT,3216,KABUPATEN BEKASI,0,KEJADIAN,2016
125,32,JAWA BARAT,3217,KABUPATEN BANDUNG BARAT,22,KEJADIAN,2016
126,32,JAWA BARAT,3218,KABUPATEN PANGANDARAN,11,KEJADIAN,2016
127,32,JAWA BARAT,3271,KOTA BOGOR,18,KEJADIAN,2016
128,32,JAWA BARAT,3272,KOTA SUKABUMI,5,KEJADIAN,2016
129,32,JAWA BARAT,3273,KOTA BANDUNG,3,KEJADIAN,2016
130,32,JAWA BARAT,3274,KOTA CIREBON,0,KEJADIAN,2016
131,32,JAWA BARAT,3275,KOTA BEKASI,1,KEJADIAN,2016
132,32,JAWA BARAT,3276,KOTA DEPOK,0,KEJADIAN,2016
133,32,JAWA BARAT,3277,KOTA CIMAHI,11,KEJADIAN,2016
134,32,JAWA BARAT,3278,KOTA TASIKMALAYA,14,KEJADIAN,2016
135,32,JAWA BARAT,3279,KOTA BANJAR,2,KEJADIAN,2016
136,32,JAWA BARAT,3201,KABUPATEN BOGOR,68,KEJADIAN,2017
137,32,JAWA BARAT,3202,KABUPATEN SUKABUMI,105,KEJADIAN,2017
138,32,JAWA BARAT,3203,KABUPATEN CIANJUR,23,KEJADIAN,2017
139,32,JAWA BARAT,3204,KABUPATEN BANDUNG,27,KEJADIAN,2017
140,32,JAWA BARAT,3205,KABUPATEN GARUT,27,KEJADIAN,2017
141,32,JAWA BARAT,3206,KABUPATEN TASIKMALAYA,38,KEJADIAN,2017
142,32,JAWA BARAT,3207,KABUPATEN CIAMIS,29,KEJADIAN,2017
143,32,JAWA BARAT,3208,KABUPATEN KUNINGAN,43,KEJADIAN,2017
144,32,JAWA BARAT,3209,KABUPATEN CIREBON,4,KEJADIAN,2017
145,32,JAWA BARAT,3210,KABUPATEN MAJALENGKA,27,KEJADIAN,2017
146,32,JAWA BARAT,3211,KABUPATEN SUMEDANG,55,KEJADIAN,2017
147,32,JAWA BARAT,3212,KABUPATEN INDRAMAYU,3,KEJADIAN,2017
148,32,JAWA BARAT,3213,KABUPATEN SUBANG,3,KEJADIAN,2017
149,32,JAWA BARAT,3214,KABUPATEN PURWAKARTA,2,KEJADIAN,2017
150,32,JAWA BARAT,3215,KABUPATEN KARAWANG,4,KEJADIAN,2017
151,32,JAWA BARAT,3216,KABUPATEN BEKASI,3,KEJADIAN,2017
152,32,JAWA BARAT,3217,KABUPATEN BANDUNG BARAT,22,KEJADIAN,2017
153,32,JAWA BARAT,3218,KABUPATEN PANGANDARAN,16,KEJADIAN,2017
154,32,JAWA BARAT,3271,KOTA BOGOR,131,KEJADIAN,2017
155,32,JAWA BARAT,3272,KOTA SUKABUMI,0,KEJADIAN,2017
156,32,JAWA BARAT,3273,KOTA BANDUNG,2,KEJADIAN,2017
157,32,JAWA BARAT,3274,KOTA CIREBON,0,KEJADIAN,2017
158,32,JAWA BARAT,3275,KOTA BEKASI,2,KEJADIAN,2017
159,32,JAWA BARAT,3276,KOTA DEPOK,0,KEJADIAN,2017
160,32,JAWA BARAT,3277,KOTA CIMAHI,8,KEJADIAN,2017
161,32,JAWA BARAT,3278,KOTA TASIKMALAYA,22,KEJADIAN,2017
162,32,JAWA BARAT,3279,KOTA BANJAR,9,KEJADIAN,2017
163,32,JAWA BARAT,3201,KABUPATEN BOGOR,48,KEJADIAN,2018
164,32,JAWA BARAT,3202,KABUPATEN SUKABUMI,69,KEJADIAN,2018
165,32,JAWA BARAT,3203,KABUPATEN CIANJUR,21,KEJADIAN,2018
166,32,JAWA BARAT,3204,KABUPATEN BANDUNG,16,KEJADIAN,2018
167,32,JAWA BARAT,3205,KABUPATEN GARUT,33,KEJADIAN,2018
168,32,JAWA BARAT,3206,KABUPATEN TASIKMALAYA,16,KEJADIAN,2018
169,32,JAWA BARAT,3207,KABUPATEN CIAMIS,25,KEJADIAN,2018
170,32,JAWA BARAT,3208,KABUPATEN KUNINGAN,55,KEJADIAN,2018
171,32,JAWA BARAT,3209,KABUPATEN CIREBON,4,KEJADIAN,2018
172,32,JAWA BARAT,3210,KABUPATEN MAJALENGKA,55,KEJADIAN,2018
173,32,JAWA BARAT,3211,KABUPATEN SUMEDANG,37,KEJADIAN,2018
174,32,JAWA BARAT,3212,KABUPATEN INDRAMAYU,1,KEJADIAN,2018
175,32,JAWA BARAT,3213,KABUPATEN SUBANG,9,KEJADIAN,2018
176,32,JAWA BARAT,3214,KABUPATEN PURWAKARTA,3,KEJADIAN,2018
177,32,JAWA BARAT,3215,KABUPATEN KARAWANG,0,KEJADIAN,2018
178,32,JAWA BARAT,3216,KABUPATEN BEKASI,0,KEJADIAN,2018
179,32,JAWA BARAT,3217,KABUPATEN BANDUNG BARAT,28,KEJADIAN,2018
180,32,JAWA BARAT,3218,KABUPATEN PANGANDARAN,4,KEJADIAN,2018
181,32,JAWA BARAT,3271,KOTA BOGOR,101,KEJADIAN,2018
182,32,JAWA BARAT,3272,KOTA SUKABUMI,3,KEJADIAN,2018
183,32,JAWA BARAT,3273,KOTA BANDUNG,11,KEJADIAN,2018
184,32,JAWA BARAT,3274,KOTA CIREBON,1,KEJADIAN,2018
185,32,JAWA BARAT,3275,KOTA BEKASI,1,KEJADIAN,2018
186,32,JAWA BARAT,3276,KOTA DEPOK,0,KEJADIAN,2018
187,32,JAWA BARAT,3277,KOTA CIMAHI,11,KEJADIAN,2018
188,32,JAWA BARAT,3278,KOTA TASIKMALAYA,19,KEJADIAN,2018
189,32,JAWA BARAT,3279,KOTA BANJAR,0,KEJADIAN,2018
190,32,JAWA BARAT,3201,KABUPATEN BOGOR,68,KEJADIAN,2019
191,32,JAWA BARAT,3202,KABUPATEN SUKABUMI,100,KEJADIAN,2019
192,32,JAWA BARAT,3203,KABUPATEN CIANJUR,7,KEJADIAN,2019
193,32,JAWA BARAT,3204,KABUPATEN BANDUNG,20,KEJADIAN,2019
194,32,JAWA BARAT,3205,KABUPATEN GARUT,39,KEJADIAN,2019
195,32,JAWA BARAT,3206,KABUPATEN TASIKMALAYA,23,KEJADIAN,2019
196,32,JAWA BARAT,3207,KABUPATEN CIAMIS,32,KEJADIAN,2019
197,32,JAWA BARAT,3208,KABUPATEN KUNINGAN,34,KEJADIAN,2019
198,32,JAWA BARAT,3209,KABUPATEN CIREBON,2,KEJADIAN,2019
199,32,JAWA BARAT,3210,KABUPATEN MAJALENGKA,37,KEJADIAN,2019
200,32,JAWA BARAT,3211,KABUPATEN SUMEDANG,50,KEJADIAN,2019
201,32,JAWA BARAT,3212,KABUPATEN INDRAMAYU,0,KEJADIAN,2019
202,32,JAWA BARAT,3213,KABUPATEN SUBANG,11,KEJADIAN,2019
203,32,JAWA BARAT,3214,KABUPATEN PURWAKARTA,10,KEJADIAN,2019
204,32,JAWA BARAT,3215,KABUPATEN KARAWANG,1,KEJADIAN,2019
205,32,JAWA BARAT,3216,KABUPATEN BEKASI,0,KEJADIAN,2019
206,32,JAWA BARAT,3217,KABUPATEN BANDUNG BARAT,26,KEJADIAN,2019
207,32,JAWA BARAT,3218,KABUPATEN PANGANDARAN,2,KEJADIAN,2019
208,32,JAWA BARAT,3271,KOTA BOGOR,112,KEJADIAN,2019
209,32,JAWA BARAT,3272,KOTA SUKABUMI,2,KEJADIAN,2019
210,32,JAWA BARAT,3273,KOTA BANDUNG,6,KEJADIAN,2019
211,32,JAWA BARAT,3274,KOTA CIREBON,0,KEJADIAN,2019
212,32,JAWA BARAT,3275,KOTA BEKASI,1,KEJADIAN,2019
213,32,JAWA BARAT,3276,KOTA DEPOK,1,KEJADIAN,2019
214,32,JAWA BARAT,3277,KOTA CIMAHI,6,KEJADIAN,2019
215,32,JAWA BARAT,3278,KOTA TASIKMALAYA,18,KEJADIAN,2019
216,32,JAWA BARAT,3279,KOTA BANJAR,1,KEJADIAN,2019
217,32,JAWA BARAT,3201,KABUPATEN BOGOR,133,KEJADIAN,2020
218,32,JAWA BARAT,3202,KABUPATEN SUKABUMI,128,KEJADIAN,2020
219,32,JAWA BARAT,3203,KABUPATEN CIANJUR,21,KEJADIAN,2020
220,32,JAWA BARAT,3204,KABUPATEN BANDUNG,16,KEJADIAN,2020
221,32,JAWA BARAT,3205,KABUPATEN GARUT,72,KEJADIAN,2020
222,32,JAWA BARAT,3206,KABUPATEN TASIKMALAYA,29,KEJADIAN,2020
223,32,JAWA BARAT,3207,KABUPATEN CIAMIS,77,KEJADIAN,2020
224,32,JAWA BARAT,3208,KABUPATEN KUNINGAN,51,KEJADIAN,2020
225,32,JAWA BARAT,3209,KABUPATEN CIREBON,5,KEJADIAN,2020
226,32,JAWA BARAT,3210,KABUPATEN MAJALENGKA,53,KEJADIAN,2020
227,32,JAWA BARAT,3211,KABUPATEN SUMEDANG,82,KEJADIAN,2020
228,32,JAWA BARAT,3212,KABUPATEN INDRAMAYU,0,KEJADIAN,2020
229,32,JAWA BARAT,3213,KABUPATEN SUBANG,18,KEJADIAN,2020
230,32,JAWA BARAT,3214,KABUPATEN PURWAKARTA,19,KEJADIAN,2020
231,32,JAWA BARAT,3215,KABUPATEN KARAWANG,0,KEJADIAN,2020
232,32,JAWA BARAT,3216,KABUPATEN BEKASI,1,KEJADIAN,2020
233,32,JAWA BARAT,3217,KABUPATEN BANDUNG BARAT,34,KEJADIAN,2020
234,32,JAWA BARAT,3218,KABUPATEN PANGANDARAN,5,KEJADIAN,2020
235,32,JAWA BARAT,3271,KOTA BOGOR,73,KEJADIAN,2020
236,32,JAWA BARAT,3272,KOTA SUKABUMI,0,KEJADIAN,2020
237,32,JAWA BARAT,3273,KOTA BANDUNG,5,KEJADIAN,2020
238,32,JAWA BARAT,3274,KOTA CIREBON,3,KEJADIAN,2020
239,32,JAWA BARAT,3275,KOTA BEKASI,0,KEJADIAN,2020
240,32,JAWA BARAT,3276,KOTA DEPOK,6,KEJADIAN,2020
241,32,JAWA BARAT,3277,KOTA CIMAHI,1,KEJADIAN,2020
242,32,JAWA BARAT,3278,KOTA TASIKMALAYA,5,KEJADIAN,2020
243,32,JAWA BARAT,3279,KOTA BANJAR,15,KEJADIAN,2020
244,32,JAWA BARAT,3201,KABUPATEN BOGOR,354,KEJADIAN,2021
245,32,JAWA BARAT,3202,KABUPATEN SUKABUMI,286,KEJADIAN,2021
246,32,JAWA BARAT,3203,KABUPATEN CIANJUR,29,KEJADIAN,2021
247,32,JAWA BARAT,3204,KABUPATEN BANDUNG,52,KEJADIAN,2021
248,32,JAWA BARAT,3205,KABUPATEN GARUT,54,KEJADIAN,2021
249,32,JAWA BARAT,3206,KABUPATEN TASIKMALAYA,7,KEJADIAN,2021
250,32,JAWA BARAT,3207,KABUPATEN CIAMIS,89,KEJADIAN,2021
251,32,JAWA BARAT,3208,KABUPATEN KUNINGAN,47,KEJADIAN,2021
252,32,JAWA BARAT,3209,KABUPATEN CIREBON,6,KEJADIAN,2021
253,32,JAWA BARAT,3210,KABUPATEN MAJALENGKA,77,KEJADIAN,2021
254,32,JAWA BARAT,3211,KABUPATEN SUMEDANG,84,KEJADIAN,2021
255,32,JAWA BARAT,3212,KABUPATEN INDRAMAYU,1,KEJADIAN,2021
256,32,JAWA BARAT,3213,KABUPATEN SUBANG,46,KEJADIAN,2021
257,32,JAWA BARAT,3214,KABUPATEN PURWAKARTA,18,KEJADIAN,2021
258,32,JAWA BARAT,3215,KABUPATEN KARAWANG,7,KEJADIAN,2021
259,32,JAWA BARAT,3216,KABUPATEN BEKASI,3,KEJADIAN,2021
260,32,JAWA BARAT,3217,KABUPATEN BANDUNG BARAT,53,KEJADIAN,2021
261,32,JAWA BARAT,3218,KABUPATEN PANGANDARAN,3,KEJADIAN,2021
262,32,JAWA BARAT,3271,KOTA BOGOR,150,KEJADIAN,2021
263,32,JAWA BARAT,3272,KOTA SUKABUMI,2,KEJADIAN,2021
264,32,JAWA BARAT,3273,KOTA BANDUNG,5,KEJADIAN,2021
265,32,JAWA BARAT,3274,KOTA CIREBON,2,KEJADIAN,2021
266,32,JAWA BARAT,3275,KOTA BEKASI,2,KEJADIAN,2021
267,32,JAWA BARAT,3276,KOTA DEPOK,2,KEJADIAN,2021
268,32,JAWA BARAT,3277,KOTA CIMAHI,3,KEJADIAN,2021
269,32,JAWA BARAT,3278,KOTA TASIKMALAYA,2,KEJADIAN,2021
270,32,JAWA BARAT,3279,KOTA BANJAR,3,KEJADIAN,2021
271,32,JAWA BARAT,3201,KABUPATEN BOGOR,103,KEJADIAN,2022
272,32,JAWA BARAT,3202,KABUPATEN SUKABUMI,96,KEJADIAN,2022
273,32,JAWA BARAT,3203,KABUPATEN CIANJUR,32,KEJADIAN,2022
274,32,JAWA BARAT,3204,KABUPATEN BANDUNG,29,KEJADIAN,2022
275,32,JAWA BARAT,3205,KABUPATEN GARUT,28,KEJADIAN,2022
276,32,JAWA BARAT,3206,KABUPATEN TASIKMALAYA,8,KEJADIAN,2022
277,32,JAWA BARAT,3207,KABUPATEN CIAMIS,35,KEJADIAN,2022
278,32,JAWA BARAT,3208,KABUPATEN KUNINGAN,18,KEJADIAN,2022
279,32,JAWA BARAT,3209,KABUPATEN CIREBON,2,KEJADIAN,2022
280,32,JAWA BARAT,3210,KABUPATEN MAJALENGKA,25,KEJADIAN,2022
281,32,JAWA BARAT,3211,KABUPATEN SUMEDANG,21,KEJADIAN,2022
282,32,JAWA BARAT,3212,KABUPATEN INDRAMAYU,1,KEJADIAN,2022
283,32,JAWA BARAT,3213,KABUPATEN SUBANG,9,KEJADIAN,2022
284,32,JAWA BARAT,3214,KABUPATEN PURWAKARTA,13,KEJADIAN,2022
285,32,JAWA BARAT,3215,KABUPATEN KARAWANG,2,KEJADIAN,2022
286,32,JAWA BARAT,3216,KABUPATEN BEKASI,2,KEJADIAN,2022
287,32,JAWA BARAT,3217,KABUPATEN BANDUNG BARAT,46,KEJADIAN,2022
288,32,JAWA BARAT,3218,KABUPATEN PANGANDARAN,4,KEJADIAN,2022
289,32,JAWA BARAT,3271,KOTA BOGOR,40,KEJADIAN,2022
290,32,JAWA BARAT,3272,KOTA SUKABUMI,13,KEJADIAN,2022
291,32,JAWA BARAT,3273,KOTA BANDUNG,1,KEJADIAN,2022
292,32,JAWA BARAT,3274,KOTA CIREBON,1,KEJADIAN,2022
293,32,JAWA BARAT,3275,KOTA BEKASI,3,KEJADIAN,2022
294,32,JAWA BARAT,3276,KOTA DEPOK,1,KEJADIAN,2022
295,32,JAWA BARAT,3277,KOTA CIMAHI,6,KEJADIAN,2022
296,32,JAWA BARAT,3278,KOTA TASIKMALAYA,3,KEJADIAN,2022
297,32,JAWA BARAT,3279,KOTA BANJAR,0,KEJADIAN,2022
298,32,JAWA BARAT,3201,KABUPATEN BOGOR,109,KEJADIAN,2023
299,32,JAWA BARAT,3202,KABUPATEN SUKABUMI,56,KEJADIAN,2023
300,32,JAWA BARAT,3203,KABUPATEN CIANJUR,14,KEJADIAN,2023
301,32,JAWA BARAT,3204,KABUPATEN BANDUNG,33,KEJADIAN,2023
302,32,JAWA BARAT,3205,KABUPATEN GARUT,17,KEJADIAN,2023
303,32,JAWA BARAT,3206,KABUPATEN TASIKMALAYA,8,KEJADIAN,2023
304,32,JAWA BARAT,3207,KABUPATEN CIAMIS,26,KEJADIAN,2023
305,32,JAWA BARAT,3208,KABUPATEN KUNINGAN,9,KEJADIAN,2023
306,32,JAWA BARAT,3209,KABUPATEN CIREBON,1,KEJADIAN,2023
307,32,JAWA BARAT,3210,KABUPATEN MAJALENGKA,21,KEJADIAN,2023
308,32,JAWA BARAT,3211,KABUPATEN SUMEDANG,8,KEJADIAN,2023
309,32,JAWA BARAT,3212,KABUPATEN INDRAMAYU,0,KEJADIAN,2023
310,32,JAWA BARAT,3213,KABUPATEN SUBANG,7,KEJADIAN,2023
311,32,JAWA BARAT,3214,KABUPATEN PURWAKARTA,25,KEJADIAN,2023
312,32,JAWA BARAT,3215,KABUPATEN KARAWANG,4,KEJADIAN,2023
313,32,JAWA BARAT,3216,KABUPATEN BEKASI,4,KEJADIAN,2023
314,32,JAWA BARAT,3217,KABUPATEN BANDUNG BARAT,43,KEJADIAN,2023
315,32,JAWA BARAT,3218,KABUPATEN PANGANDARAN,4,KEJADIAN,2023
316,32,JAWA BARAT,3271,KOTA BOGOR,37,KEJADIAN,2023
317,32,JAWA BARAT,3272,KOTA SUKABUMI,6,KEJADIAN,2023
318,32,JAWA BARAT,3273,KOTA BANDUNG,6,KEJADIAN,2023
319,32,JAWA BARAT,3274,KOTA CIREBON,2,KEJADIAN,2023
320,32,JAWA BARAT,3275,KOTA BEKASI,1,KEJADIAN,2023
321,32,JAWA BARAT,3276,KOTA DEPOK,2,KEJADIAN,2023
322,32,JAWA BARAT,3277,KOTA CIMAHI,11,KEJADIAN,2023
323,32,JAWA BARAT,3278,KOTA TASIKMALAYA,10,KEJADIAN,2023
324,32,JAWA BARAT,3279,KOTA BANJAR,2,KEJADIAN,2023
325,32,JAWA BARAT,3201,KABUPATEN BOGOR,127,KEJADIAN,2024
326,32,JAWA BARAT,3202,KABUPATEN SUKABUMI,60,KEJADIAN,2024
327,32,JAWA BARAT,3203,KABUPATEN CIANJUR,19,KEJADIAN,2024
328,32,JAWA BARAT,3204,KABUPATEN BANDUNG,31,KEJADIAN,2024
329,32,JAWA BARAT,3205,KABUPATEN GARUT,20,KEJADIAN,2024
330,32,JAWA BARAT,3206,KABUPATEN TASIKMALAYA,8,KEJADIAN,2024
331,32,JAWA BARAT,3207,KABUPATEN CIAMIS,29,KEJADIAN,2024
332,32,JAWA BARAT,3208,KABUPATEN KUNINGAN,22,KEJADIAN,2024
333,32,JAWA BARAT,3209,KABUPATEN CIREBON,3,KEJADIAN,2024
334,32,JAWA BARAT,3210,KABUPATEN MAJALENGKA,12,KEJADIAN,2024
335,32,JAWA BARAT,3211,KABUPATEN SUMEDANG,14,KEJADIAN,2024
336,32,JAWA BARAT,3212,KABUPATEN INDRAMAYU,0,KEJADIAN,2024
337,32,JAWA BARAT,3213,KABUPATEN SUBANG,12,KEJADIAN,2024
338,32,JAWA BARAT,3214,KABUPATEN PURWAKARTA,21,KEJADIAN,2024
339,32,JAWA BARAT,3215,KABUPATEN KARAWANG,4,KEJADIAN,2024
340,32,JAWA BARAT,3216,KABUPATEN BEKASI,5,KEJADIAN,2024
341,32,JAWA BARAT,3217,KABUPATEN BANDUNG BARAT,49,KEJADIAN,2024
342,32,JAWA BARAT,3218,KABUPATEN PANGANDARAN,1,KEJADIAN,2024
343,32,JAWA BARAT,3271,KOTA BOGOR,53,KEJADIAN,2024
344,32,JAWA BARAT,3272,KOTA SUKABUMI,11,KEJADIAN,2024
345,32,JAWA BARAT,3273,KOTA BANDUNG,13,KEJADIAN,2024
346,32,JAWA BARAT,3274,KOTA CIREBON,1,KEJADIAN,2024
347,32,JAWA BARAT,3275,KOTA BEKASI,2,KEJADIAN,2024
348,32,JAWA BARAT,3276,KOTA DEPOK,5,KEJADIAN,2024
349,32,JAWA BARAT,3277,KOTA CIMAHI,7,KEJADIAN,2024
350,32,JAWA BARAT,3278,KOTA TASIKMALAYA,8,KEJADIAN,2024
351,32,JAWA BARAT,3279,KOTA BANJAR,3,KEJADIAN,2024
